标题,ac号,上传时间,UP主,主分区,子分区,播放,评论,弹幕,收藏,投蕉
【我们的20W！】66人大合唱，AC一直在~【合唱⑨课成立】,40000,2011-5-15,丿BCZ,音乐,原创·翻唱,3065089,1094,33,2291,143
【纱由】四十七【自制字幕】,200000,2014-1-16,Midoの蛮,音乐,原创·翻唱,6612,294,8,1864,30
不得不走 by joyce chu 四叶草 (teaser).,336000,2015-1-16,A7007194CDC7455D9A3DC26DE2BF0822,音乐,原创·翻唱,22919,6,0,629,0
【皮卡丘】I wanna practice the game.,339000,2015-1-23,萌萌的pikaqiu,游戏,主机单机,7923,0,1,0,1
【mugen】 你只有一个 系列杯赛第一季—1血杯5P,354000,2015-3-3,Dark丶youmu,游戏,Mugen,6470,2,2,616,10
【命运石】六等星下的命运石,355000,2015-3-5,ADK渣到爆,动画,MAD·AMV,2834,2,0,468,0
【dnf】开光什么的迟早会成功的啦,357000,2015-3-11,叫我小呆毛啦,游戏,网络游戏,13373,3,0,0,0
《讲不出再见》,375000,2015-5-4,1223579091,音乐,综合音乐·现场,5237,5,5,582,25
在敌方高地前舞蹈的 疾风剑豪-亚索,382000,2015-5-21,断翅的雅蠛蝶,游戏,英雄联盟,3813,0,0,5,0
伦妹《夜（夜）曲（基）》,388000,2015-6-4,Fc杰,音乐,原创·翻唱,5638,37,62,681,297
【SNH】冯薪朵公演mc集锦5,390000,2015-6-9,懶豬,娱乐,生活娱乐,3962,2,3,677,12
蠢狗新姿势GET,391000,2015-6-12,无夜澜冬,娱乐,萌宠,6435,0,0,0,0
Porter Robinson - Divinity (Audio ⁄ Filous Remix),392000,2015-6-14,Crepecia,音乐,综合音乐·现场,6685,0,0,0,0
当情侣走进电影院，发现坐满了黑社会 @柚子木字幕组,395000,2015-6-21,柚子木字幕组,娱乐,生活娱乐,12567,41,15,370,67
纵有十八般武艺也没办法,397000,2015-6-26,手把手送一血,娱乐,生活娱乐,3922,4,0,20,0
天生吃货之墨西哥餐厅【310】,398000,2015-6-28,小小小猫仔,娱乐,美食,8416,6,1,0,5
《爱AcFun》,400000,2015-7-2,Midoの蛮,音乐,原创·翻唱,12482,528,408,932,1925
超级逼真的手绘树叶！3D绘图！,402000,2015-7-7,祸乱之源,娱乐,生活娱乐,6541,0,0,5,0
【电音】Hardwell & Dannic feat. Haris - Survivors,404000,2015-7-11,唐玄宗,音乐,综合音乐·现场,4317,7,6,60,26
150714 今夜比一比  篠田麻里子 生肉,406000,2015-7-16,宠物牛牛,影视,综艺,4069,6,0,637,0
【综漫/MEP】不朽者们,410000,2015-7-25,Mandopop,动画,MAD·AMV,5849,3,8,959,36
AOA新曲《怦然心动》官方中文版MV大首播（其实就是字幕而已）,413000,2015-7-31,黑板菌_Ya0,娱乐,生活娱乐,23524,20,11,1230,55
天生吃货之消暑冰激凌【452】,424000,2015-8-23,小小小猫仔,娱乐,美食,10970,2,0,0,0
【清新乡】【Electro House】【BMC】Tyrrer & Viticz - Frenzy,464000,2015-11-11,藍莓君爱吃草莓,音乐,综合音乐·现场,4412,0,0,0,0
【欅坂46】秋之运动测试，谁是运动白痴？———欅字不会写？EP07,466000,2015-11-16,欅坂不会写字幕组,影视,综艺,6878,4,6,35,28
冷酷中的善良黑暗中的温暖魔鬼猫的日常--蹲滑板2,472000,2015-11-30,魔鬼猫,动画,短片动画,5944,0,0,0,0
【奶茶录制】一期@自家爬宠,474000,2015-12-5,IPETY爬宠,娱乐,萌宠,3833,1,0,0,0
Marc Fitt 野兽肩膀锻炼,480000,2015-12-18,dtsiberia,体育,综合体育,6610,0,1,1067,5
【AKB】新一代AKB48拳王 藤田奈那 首SOLO「右足证据」完整版MV【生肉】,481000,2015-12-21,夜叫兽,影视,综艺Show,22216,14,9,1209,43
【单机游戏】海贼无双3重温经典剧情顶上战争（二）,484000,2015-12-28,斗鱼录像厅,游戏,主机单机,3806,0,0,366,0
我班元旦联欢会：舞蹈串烧,486000,2016-1-1,是小喵不是小猫,娱乐,生活娱乐,10322,7,0,0,0
SNH48 Team NII+Team HII《悬铃木》,493000,2016-1-16,寒影AkiNa,舞蹈·偶像,综合舞蹈,8402,3,4,943,12
【Pewdiepie】千万不要下载这个APP！！【中文字幕】,502000,2016-2-1,二氧化硅灭火器,娱乐,生活娱乐,4867,2,0,618,0
李賢智&溫流—《香草love》,504000,2016-2-6,超级爆米花,音乐,综合音乐·现场,3439,0,0,0,0
【舰C】咸鱼湾提督的秋活捞船之旅E1甲,505000,2016-2-9,吹雪prpr,游戏,网络游戏,4468,0,0,0,0
创意广告：情人节最糟心的事,507000,2016-2-15,吃货自强不息,娱乐,生活娱乐,9889,0,0,50,0
【董小飒直播】打野凤凰乌迪尔 对位世界亚军蜘蛛侠,509000,2016-2-19,董小飒,游戏,英雄联盟,5752,5,0,0,0
原来这个魔术是这样，赶紧学会了去装逼一下~,511000,2016-2-23,雪龙渊,娱乐,生活娱乐,72108,24,36,2064,157
【ShawnMendes】20160304INS更新 闪瞎眼,516000,2016-3-4,ShawnMendes98,音乐,综合音乐·现场,5067,2,0,5,0
【官方双语】切CPU！6700K开盖+散热对比#Linus谈科技,526000,2016-3-28,LinusTechTips,科技,数码,23749,28,7,690,33
葫芦娃版LOL主题曲MV《葫芦英雄》,530000,2016-4-6,兔玩网,音乐,综合音乐·现场,8731,1,1,826,5
大妈活力的舞步，有故事的人,533000,2016-4-12,lin3433466,娱乐,生活娱乐,6180,1,1,235,5
要上位先“撕哔”---八线互联网讲师 Suckie 第三课,538000,2016-4-22,动词大次dirtyhere,科技,演讲·公开课,5860,0,0,0,0
【单身爸爸】搞啥啊怎么又是女儿？！牙雷牙雷DA☆ZE ╮(╯▽╰)╭,542000,2016-5-1,⑧月份的尾巴酱,娱乐,萌宠,7356,1,4,698,17
日本温情汽车广告：父亲眼中的女儿和女儿眼中的父亲,550000,2016-5-18,才不是木木,娱乐,生活娱乐,8144,1,1,935,5
【官方双语】Linux系统是什么？好像Windows可以秒杀吧！#电子速谈,559000,2016-6-5,TechQuickie,科技,数码,26003,8,11,1325,50
本片堪称内地版少林足球,608000,2016-8-22,吐嚎影院,娱乐,生活娱乐,242269,35,102,907,472
照片转印术！一块木板也能逼格满满,612000,2016-8-29,罐头视频,娱乐,生活娱乐,5348,0,2,321,10
【豆芽时光潮品资讯】萌猫移动电源,613000,2016-8-31,豆芽时光,科技,数码,2593,0,3,0,15
【AE教程】AE基础教程微信小视频-大鹏很有钱,618000,2016-9-8,shan1,科技,演讲·公开课,2661,0,0,25,0
《糗大啦》 26你快勒马！史上最糗的表白,619000,2016-9-10,糗大啦,动画,短片动画,3331,0,0,0,0
日本人感受中国的新干线！！,623000,2016-9-18,范式之魂,娱乐,生活娱乐,16623,0,2,351,3
【MMD】つみ式初音ver20でClassic【フルHD60fps】,628000,2016-9-28,平井久司,动画,MMD·3D,4190,3,6,324,25
这个米卷似曾相识印度阿三地摊美食[biu~放毒],630000,2016-10-2,biubiu拍,娱乐,美食,16008,8,1,85,5
纯洁的玛利亚 NCOP&NCED 1080P,633000,2016-10-9,不聚焦的目光,动画,短片动画,5482,3,4,145,18
撩有趣—2016年最好听单曲，祁隆、任妙音现场情歌对唱，忍不住循环~,638000,2016-10-19,撩有趣儿,音乐,音乐选集,2016,0,0,0,0
说说本季演出方面出色的几部动画——解新番第十八期,640000,2016-10-23,AnimeTamashii,动画,MAD·AMV,4834,11,58,90,271
厂子骚话1,642000,2016-10-27,超级无敌美少女小明KAiii呀丶,游戏,英雄联盟,4874,4,0,5,0
【AI字幕组】BBC动画 莎拉和小鸭Sarah and Duck S03E01中英双语,644000,2016-10-31,o魚子醬o,番剧,TV动画,2278,1,1,70,1
【MV】邱锋泽-还装伟大,647000,2016-11-6,吃辣喝香,音乐,综合音乐·现场,1298,0,0,0,0
李易峰赵丽颖--挡剑重制版,652000,2016-11-16,wuli喵宝啊,舞蹈·偶像,偶像,1142,0,0,0,0
久坐的危害竟然这么大，吓得我直接从椅子上弹了起来,653000,2016-11-18,Ve先生,科技,人文科普,147745,80,23,958,101
【猫说猫腻】番外1 ICEY盗版事件的伪正版情怀,655000,2016-11-22,猫神辣椒酱,游戏,网络游戏,123155,922,351,371,1641
【低配史丹利快报】为什么要做游戏媒体,656000,2016-11-24,STN工作室,游戏,主机单机,505079,1532,7350,709,35956
霹雳 南风不竞VS咒世主 绝望之战,657000,2016-11-26,清风化浮云,动画,布袋·特摄,5980,2,3,50,12
【美食台】鲍汁萝卜煲，冬季温润的鲜甜味道,663000,2016-12-8,美食台foodvideo,娱乐,美食,12069,1,3,150,15
单眼皮&小内双都可以画的简单日常妆容,675000,2017-1-2,Vivian_Zhan,舞蹈·偶像,造型·手作,5847,0,5,165,15
【游戏驴子】毒舌吐槽像素游戏LISA【中字/自译】,677000,2017-1-6,悲叹之怠惰,游戏,网络游戏,2331,1,3,25,15
【石头绘画】板绘教程之石头绘画,680000,2017-1-12,名动漫视频,科技,演讲·公开课,2402,1,1,35,5
我要去旅行 第三十八集 布须曼族里的"中国大爷",681000,2017-1-14,背包去环游,影视,纪录片,3211,1,1,25,5
【双语字幕】生化奇兵收藏版Ken Levine导演评论03：深海射手,685000,2017-1-22,剁掉小指的Sheep,游戏,主机单机,1158,0,2,0,10
2016年移动VR设备构成——暴风魔镜5与S1评测,686000,2017-1-25,盗梦极客,科技,数码,1991,0,0,0,0
马云自爆第一次上电视台的经历，听完后大家都服了,688000,2017-1-31,Ve先生,娱乐,生活娱乐,29154,32,3,90,15
日本美食探店：炸猪排与鳕鱼排,692000,2017-2-9,爱钓鱼的起重鸡,娱乐,美食,4813,1,1,20,5
猪皮春的日常集锦之-男孩看了会沉默，女孩看了会流泪,699000,2017-2-23,猪皮青春,游戏,网络游戏,2214,1,0,0,0
16位中国商界精英的撒哈拉探险之旅——《秘境撒哈拉》,700000,2017-2-24,DevilBerry,影视,纪录片,5516,0,0,45,0
【官方双语】#Linus谈科技设计亮点or瓶颈？海盗船570X玻璃侧测透机箱测评,703000,2017-3-2,LinusTechTips,科技,数码,4985,9,0,30,0
抱着你（Unplugged）- 小黑框,707000,2017-3-10,小黑框LBR,音乐,原创·翻唱,1829,0,0,5,0
男子示范跟正妹要电话的方法，让女大生狂赞「真的很会」,709000,2017-3-14,starzoo,娱乐,生活娱乐,64303,72,22,431,91
MC日常：日常-飞熊TV我的世界,712000,2017-3-20,飞熊我的世界,游戏,主机单机,4617,0,0,0,0
「汽车V报」大众途昂上市30.89万起售，新款揽胜运动版SVR谍照曝光-20170329,717000,2017-3-29,VDGER汽车,科技,汽车,3172,1,0,5,0
有钱人终成眷属，有情人终成房奴？,720000,2017-4-5,蛊惑帮帮,娱乐,生活娱乐,2701,2,0,10,0
那个疯狂carry的IMP,721000,2017-4-7,一方天丶,游戏,英雄联盟,64633,252,203,437,951
《买买菌大讲堂》时髦又百搭，三件单品玩转春夏,727000,2017-4-18,买买菌频道,舞蹈·偶像,造型·手作,2803,0,0,0,0
学生党平价化妆视频出炉！这款妆容很适合日常或者出席一点点重要的场合哟！,729000,2017-4-22,Vicky培文儿,舞蹈·偶像,造型·手作,1802,5,2,20,8
『廣告排行榜＃001』山田孝之5部超有梗廣告（中文字幕）,730000,2017-4-24,爱骑自行车的南宫南莲,科技,广告,1742,0,1,5,2
欢乐五+2EP113：国产不死男枪 三滴血1V4轻松收割！,731000,2017-4-26,GN网盟,游戏,英雄联盟,1837,0,0,0,0
虽说掌握了绿豆芽的魔法咒语，但没有肉的晚餐总是令人不快。,733000,2017-4-30,温婉四表哥,娱乐,美食,3344,6,6,10,26
【CJ2017】2017CJ舞团盛典北京赛区预赛—【beginner双人组】《UZA＋才不是鳄梨》,734000,2017-5-3,CJ舞团盛典,舞蹈·偶像,宅舞,1731,0,0,0,0
[ASMR][无人声]Saurus姐吃芝士通心粉,739000,2017-5-13,今天要吃很多肉,娱乐,生活娱乐,1745,0,0,0,0
福利不满的精美插画集合第零期,743000,2017-5-21,二1二0大魔王,娱乐,生活娱乐,62719,276,94,427,429
【萌妹说法】关于健身房不得不说的法律小常识！,744000,2017-5-23,假如说Case,鱼♂塘,普法安全,10930,41,15,100,54
光之魂SHINING SOUL【音源：言和  洛天依 乐正绫】,747000,2017-5-28,白日临辰,音乐,Vocaloid,1901,0,0,10,0
【精彩战斗系列】WZ120 偷鸡战士,748000,2017-5-31,Always丨Gin,游戏,网络游戏,1702,0,0,0,0
【深深】【直播录屏】元气满满的小仙女,753000,2017-6-9,月光,主播录播,娱乐直播,1527,1,0,15,0
【在家搞事情】如何制作美到窒息的黄金雨？ @柚子木字幕组,758000,2017-6-19,柚子木字幕组,科技,科技制造,16705,9,4,65,13
【你求窝教-第17期】清新素雅牡丹花,761000,2017-6-24,窝趣美甲,舞蹈·偶像,造型·手作,2555,0,0,0,0
偶像电视剧工作团Girls Next Door邻家女孩Deep Blue Eyes练习室版,764000,2017-6-30,脑残雀♀,舞蹈·偶像,综合舞蹈,5779,7,12,205,50
【GNZ48熊心瑶】20170630  Team NIII《第1人称》公演 熊心瑶,765000,2017-7-2,吖盖,舞蹈·偶像,偶像,1407,0,0,0,0
20个剑神 血战安图恩  结尾高能,771000,2017-7-14,暴躁的波希米娅兔,游戏,网络游戏,3507,11,0,5,0
李治廷教你如何看电影,772000,2017-7-17,图解电影宣发视频小分队,娱乐,生活娱乐,1058,0,0,0,0
手机屏幕竟然能吹出火来？非常的好玩,773000,2017-7-19,换换优品二手机,科技,数码,3223,0,0,0,0
初音唱一首法苏之歌｛对嘴型｝,774000,2017-7-21,风华绝代℃,音乐,Vocaloid,2126,6,3,25,11
【千夜舞蹈】女神和男神的双人舞，超赞,775000,2017-7-24,千夜舞蹈,舞蹈·偶像,综合舞蹈,3260,0,0,5,0
♥ 少时大发 ♥ 十周年Holiday Night回归预告允儿ver,776000,2017-7-26,脑残雀♀,音乐,综合音乐·现场,5800,7,24,90,115
张惠妹《听海》钢琴版丨每天一首钢琴曲,777000,2017-7-29,爱上好钢琴,音乐,演奏·乐器,5384,5,3,0,15
【MMD】Konpira桃萌桑带给你的DEEP BLUE TOWN,778000,2017-8-1,穆斯塔法,动画,MMD·3D,1190,1,1,20,5
【满汉全席直播录音+后期制作】大鱼 超人,782000,2017-8-10,万年何首污,音乐,原创·翻唱,1077,0,0,0,0
这智能汽车让你成为老司机，轻松玩飘移,784000,2017-8-15,极智TV,科技,数码,3638,0,0,0,0
白乔丹霸气开扣 最后全场疯癫,785000,2017-8-17,InstreetTV,体育,篮球,2477,0,1,0,1
【萌皇】非洲豌豆射手的裂缝之旅8.23,787000,2017-8-23,你可爱的小法づ嘤,游戏,网络游戏,2498,8,1,0,3
重口味的麦片，这样吃其实也挺爽的！,788000,2017-8-25,七大神兽,娱乐,生活娱乐,1688,0,0,0,0
【口袋教学】《company》镜面分解教学,789000,2017-8-28,口袋舞蹈,舞蹈·偶像,综合舞蹈,4234,0,0,10,0
游戏快讯 《CS：GO》国服公测即将开启，中国专属诚意满满,790000,2017-8-30,玩策论wancelun,游戏,主机单机,1634,1,0,0,0
如何做一个火坑,794000,2017-9-10,Mereb,娱乐,生活娱乐,1425,0,0,20,0
你的懒惰终将害了你！,795000,2017-9-13,马丁的早晨一哟,科技,广告,1879,0,0,5,0
【萌宠】绝对不准笑之喵星人版-2017年版最有意思的猫咪视频合集#87,796000,2017-9-15,柚子醋一壶,娱乐,萌宠,52236,27,103,552,431
【我的国158】宁夏煤矿自燃100年？中国工程师竟用5500吨炸药灭火,798000,2017-9-21,了不起我的国,科技,科技制造,22664,20,20,45,88
不再玩多线叙事，忻钰坤《暴裂无声》发布“暴戾版”预告,799000,2017-9-23,第一首映,娱乐,生活娱乐,2132,0,0,0,0
互相嘲笑的下场！,806000,2017-10-16,SakuraMoLi,动画,短片动画,1984,0,0,5,0
发现运动之美，Alysha Newman -加拿大撑杆跳运动员,809000,2017-10-24,老沈健美,体育,综合体育,5575,2,1,100,5
李千娜 Nana Lee-《不曾回來過》电视剧《通灵少女》插曲,815000,2017-11-9,老爷子你个骚货,音乐,综合音乐·现场,1844,0,0,5,0
纳豆nado《陪伴》大家过光棍节,816000,2017-11-12,Oy维祎,娱乐,生活娱乐,2553,0,0,5,0
炉石传说 趣味时刻 - Ep.309,819000,2017-11-20,TB12,游戏,桌游卡牌,7631,6,21,0,103
【太好了】常乐带你重走茶马古道吃遍四川辣食，猪脑8.9，排骨9.6，红烧兔肉满分,821000,2017-11-28,用户名长度应在4到16个字符之间,娱乐,美食,2806,0,3,0,11
白白侠玩具秀：美少女战士 月野兔的婚礼大曝光,822000,2017-11-30,白白侠超能玩具,动画,动画综合,1663,0,0,0,0
【化学魔术师】铜镜反应：把杯子变成镜子（小朋友字幕组）,823000,2017-12-2,fc小朋友,科技,科技制造,2718,0,2,5,10
柿子有好多种，你都吃过哪些柿子？,824000,2017-12-5,淘味视频,娱乐,生活娱乐,2536,0,0,0,0
在一起，更完美,825000,2017-12-8,隔壁老王推车,科技,汽车,1851,0,0,0,0
零基础学唱歌 如何练就平衡好声音挑战《没有人不比我快乐》,826000,2017-12-11,歌者盟音乐,音乐,综合音乐·现场,2746,0,0,5,0
【优锋派出品】我把鹿晗放到了桌面，省了我好多时间,828000,2017-12-16,哈哈的手机,科技,数码,1762,0,0,0,0
重生之我要当偶像——THE UNIT EP09 撩人舞台,831000,2017-12-25,脑残雀♀,舞蹈·偶像,综合舞蹈,4973,4,9,140,43
它有2000多年的历史，堪称当今影视艺术的鼻祖,832000,2017-12-27,四唯工艺,鱼♂塘,历史,1076,0,0,5,0
会计中级经济法讲义_中级经济法的价钱_中级经济法预算,834000,2018-1-2,hqw20110226,科技,演讲·公开课,360,0,0,0,0
余多多开箱限量肯德基美栗烤全鸡礼盒，三层美味，三重惊喜！,835000,2018-1-5,大胃王余多多,娱乐,美食,3074,0,0,0,0
【细细的蓝线】是自卫？还是过度执法？,837000,2018-1-11,极·战术,鱼♂塘,普法安全,3441,5,0,0,0
红霉素加牛奶，美白护肤。,843000,2018-1-27,豆破苍穹,体育,篮球,2006,0,0,0,0
《19天》、《SQ》主角们脸红心跳放学路,844000,2018-1-30,CadaverL,动画,动画综合,1042,0,0,0,0
台北艺术大学动画学系学生毕业作品，最理想的假日：《午》,846000,2018-2-15,开眼视频,影视,纪实·短片,4191,2,3,50,11
野生钉宫 录的神乐,848000,2018-2-25,-あさ戸-,动画,动画综合,2168,0,0,5,0
中将告诉你如何成为海豹突击队的成员,852000,2018-3-11,米兰呦,鱼♂塘,国防军事,34545,63,86,553,401
steam 国产免费游戏 强力推荐！！！,853000,2018-3-14,道缘tv,游戏,主机单机,1967,0,0,0,0
【乐器/手风琴】同桌的你,854000,2018-3-18,Seven_2017,音乐,演奏·乐器,1751,0,0,5,0
无理的同居 E33 180323,856000,2018-3-24,福尔磨牙,影视,综艺,6855,4,1,0,5
有了这款中国神器，老外被小姐姐包围了,857000,2018-3-28,嘿老外,娱乐,生活娱乐,346710,34,5,15,12
【炉石传说】欢乐神抽时刻 #342@柚子木字幕组,858000,2018-3-31,柚子木字幕组,游戏,桌游卡牌,8716,6,6,10,8
轻松学唱歌 腹部用力了，声音为什么还是很无力?,859000,2018-4-4,歌者盟音乐,音乐,综合音乐·现场,5424,1,0,15,0
日语学习视频部落课程入门：中日男神大PK,861000,2018-4-11,阳光日语,科技,演讲·公开课,420,0,0,5,0
王者荣耀：四个队友都拦不住这个露娜，上演露娜刺嬴政？,862000,2018-4-14,露娜集中营,游戏,手机游戏,258,0,0,0,0
万历首辅张居正-04,863000,2018-4-17,niceus,影视,国产,2343,1,0,0,0
青岛爵士舞 爵士舞《Black》舞蹈教学 青岛外景视频,865000,2018-4-24,青岛舞蹈张大琳,舞蹈·偶像,综合舞蹈,1953,0,0,0,0
林肯全球设计总监伍德豪斯：让豪华与狂野同时奔放,866000,2018-4-27,30秒懂车,科技,汽车,2318,0,0,0,0
开灯睡觉会越来越胖，是真的吗？,867000,2018-5-1,榴莲_叔,娱乐,生活娱乐,3053,1,0,5,0
iPhone SE2 渲染图曝光， 小屏“齐刘海”，最快5月发布，你会买吗？,868000,2018-5-4,极客视界,科技,科技制造,3201,3,0,5,0
印度神作《巴霍巴利王2》震撼回归，打造出堪称史诗级的华丽视听盛宴,869000,2018-5-8,电影探探头,影视,电影杂谈,897,0,0,0,0
勇者小课堂： 新版本“勇者游戏：极限试炼”新随即事件与新玩法解读 8,870000,2018-5-11,游民星空官方,游戏,网络游戏,955,0,0,0,0
【qyqx】 5.11晚上 直播录像 杀戮尖塔,871000,2018-5-14,秋老师今天直播了吗,游戏,英雄联盟,5558,30,24,5,110
温哥华，要与你在再一次告别了,872000,2018-5-17,Zealer中国,娱乐,生活娱乐,2675,1,1,5,5
【VG TOP5】天才Fy手刃老东家VG！亲手送老东家回家！@MDL 长沙站,873000,2018-5-20,VG电子竞技俱乐部,游戏,电子竞技,2623,4,3,0,15
1959年中国国庆阅兵,874000,2018-5-23,芳乃纱雪,鱼♂塘,历史,3843,5,10,125,50
王者荣耀，改版典韦成版本最强战士，站撸之王一打五怒拿五杀！,876000,2018-5-29,熊猫直播精品,游戏,电子竞技,1976,0,0,0,0
小伙街头恶搞路人，借个打火机突然起火！差点被揍,879000,2018-6-7,盗心魔幻,娱乐,生活娱乐,2497,1,0,0,0
农村这种水果，成世界顶尖御用食材！米其林星级名厨全靠它,881000,2018-6-12,面面生活,娱乐,生活娱乐,2092,0,0,0,0
我的希林（Napola）,882000,2018-6-15,超級天才立早子,娱乐,生活娱乐,2029,0,0,0,0
绝地求生：给十字弩搭配这把步枪，几乎无解！,883000,2018-6-18,刺激战场情报局,游戏,手机游戏,1205,0,0,0,0
保时捷帕拉梅拉被人划了，贴个艺卡XPEL，光亮如新！,887000,2018-6-28,XPEL艺卡,科技,汽车,3742,8,0,20,0
我的世界：建造超唯美和风房屋 连内饰都是豪华级！,889000,2018-7-4,神游网视频,游戏,主机单机,2117,0,0,15,0
新手司机注意，夏天车内放这些东西要小心，弄不好车起火就麻烦了,890000,2018-7-6,阿喵汽车,科技,汽车,1902,0,1,5,5
【吉米鸡毛秀】围观世界杯如何教俄罗斯人微笑 @柚子木字幕组,891000,2018-7-10,柚子木字幕组,娱乐,生活娱乐,6649,1,4,10,20
树干、冰箱当健身器材，还有比这更野兽的吗？,892000,2018-7-12,扬子哥教你格斗,体育,搏击·健身,1863,0,0,0,0
不作死就不会死，隔着屏幕都能感觉到疼,893000,2018-7-16,NiuTT,娱乐,生活娱乐,2658,2,0,5,0
鬼卞 只想要你知道 - 纯伴奏试听,894000,2018-7-18,QQ1024101848,音乐,综合音乐·现场,149,0,0,0,0
fc 战争前线 通关,896000,2018-7-24,忧郁的狼狼,游戏,主机单机,2043,0,1,5,5
【日服】FGO Caster/斯卡哈·斯卡蒂--技能&宝具演示,898000,2018-7-29,米妮瓦·劳·扎比,游戏,手机游戏,3633,15,4,10,16
阚清子纪凌尘曾经的甜蜜的互动！甜出天际！被催婚后流泪走心表白,899000,2018-8-1,爱豆你zao吗,娱乐,生活娱乐,2644,1,0,0,0
骚男快乐劫丝血塔下回城 惨遭船长R砸脸 一脸懵,900000,2018-8-3,主播818,游戏,英雄联盟,3295,1,0,0,0
鸣人的第一个nb忍术是什么？！,901000,2018-8-6,你的戏精宝贝,动画,动画综合,293,0,0,0,0
【AMV】让我们一起吹响战斗的号角！！,902000,2018-8-9,slow丶小熊,动画,MAD·AMV,1121,0,1,0,5
我的世界震撼工程 树林中的参天古树和城堡,903000,2018-8-10,飞熊我的世界,游戏,主机单机,2853,0,0,0,0
【口琴奏】天空之城,904000,2018-8-13,宁静wep,音乐,演奏·乐器,3075,2,2,25,10
七夕快乐，Top10漫威和DC宇宙中的十大超英CP，原来英雄的女朋友都这么漂亮！,906000,2018-8-18,布丁速记,影视,电影杂谈,17447,8,29,45,122
美国53岁唐氏症患者与88岁老父亲的热血亲情，感动国外网友,910000,2018-8-28,美欧前沿,娱乐,生活娱乐,2213,0,2,0,6
Miss排位日记515期 一棍一刺客！中单岚切猴子吊打儿童劫！,911000,2018-8-30,Miss排位日记,游戏,英雄联盟,30844,7,6,5,27
SR姉貴的角色歌专辑☆.SRKRG,913000,2018-9-4,DayTripper宁,音乐,综合音乐·现场,1471,2,1,15,5
【B2转载】1分钟了解什么是区块链 from Lisk,915000,2018-9-10,B2文质彬彬,科技,人文科普,2306,0,2,0,8
Miss吃鸡日记115期 OMG小海一对一在线导航，靠谱！,917000,2018-9-14,Miss排位日记,游戏,主机单机,1849,0,0,0,0
《绝地求生》XboxOne版IGN测评视频，8.9分高吗？,918000,2018-9-17,奇游联机加速器,游戏,主机单机,732,0,0,0,0
秒杀联盟----核弹级别爆炸输出,921000,2018-9-25,浅夏之梦,游戏,英雄联盟,2571,0,1,5,5
品质动力俱佳的B级车 斯柯达速派顶配要不要买？,923000,2018-9-30,路咖汽车,科技,汽车,6856,1,0,5,0
银河系最具想象力的越狱：囚徒反攻吊打两个银河系最强组织,928000,2018-10-13,周扒片0,动画,动画综合,10111,14,86,45,419
步进电机的选型（工作转矩、加速转矩、必要转矩）,933000,2018-10-23,非标机械学院,科技,演讲·公开课,1065,0,0,0,0
消失船只之谜原因——百慕大三角,937000,2018-10-31,阿尔法小分队字幕组,科技,演讲·公开课,1258,0,2,5,10
非洲大兄弟五毛特效电影,938000,2018-11-2,Stnoorpy,娱乐,鬼畜调教,1536,0,0,0,0
大数据Hadoop 100集第9集  hadoop hdfs1分布式文件系统介绍09,940000,2018-11-7,尚学堂Andy老师,科技,演讲·公开课,514,0,0,6,0
高见直播德莱文VS卡莎：19杀 日常屠杀又来了 四杀局,941000,2018-11-9,斗鱼丶第一德莱文,游戏,英雄联盟,1022,0,0,0,0
魔兽评级战场2000冲2100实况合集（双11最好的对象当然是评级战场啦(╯°Д°)╯︵┻━┻）,942000,2018-11-11,天然鱼丸,游戏,网络游戏,1164,0,1,0,5
【明日之后米格】明日之后如何选择0氪金职业？,943000,2018-11-13,米格解说,游戏,手机游戏,1455,0,1,0,1
坎肩fc吞食天地2月英传第九集,945000,2018-11-18,坎肩sss,游戏,主机单机,605,0,0,0,0
最省心干净的烧烤，小伙发明木炭烧烤桌，不用人看烧烤无烟,947000,2018-11-22,发明变发财,科技,科技制造,1449,0,0,0,0
11/24 三运,948000,2018-11-25,crim_o3o,游戏,网络游戏,906,0,0,0,0
雅思7分听力突破IELTS Listening ---- 动物题材怎么做？,949000,2018-11-27,思润培训,科技,演讲·公开课,671,0,0,0,0
【绝地求生刺激战场】两分钟轻松吃鸡,951000,2018-12-1,ball亮,游戏,手机游戏,1071,0,0,0,0
悟饭手办介绍：有些表情、局部动作是有模型可替换的,955000,2018-12-10,Counter656,娱乐,生活娱乐,1084,2,4,5,20
新疆粤和汽车产业园：二手车2012款 三菱帕杰罗（进口）3.0L,957000,2018-12-14,粤和汽车产业园,影视,纪实·短片,124,0,0,0,0
小巴范薇想对粉丝说的话，暖心告白粉丝,958000,2018-12-17,珍珑胡同,娱乐,娱乐圈,1105,0,0,5,0
地球人工作失误合辑 part10,961000,2018-12-22,超级赛亚トトロ,娱乐,生活娱乐,1142,0,3,0,11
忽悠！赵本山假扮教授给人解梦，看看什么是一本正经的胡说八道,963000,2018-12-26,十点观影,娱乐,娱乐圈,6344,4,1,10,5
北汽新能源EX5 定位紧凑型纯电动SUV 定于1月27日上市,964000,2018-12-28,GO车情报员,科技,汽车,1231,0,0,0,0
创意与胶带,967000,2019-1-4,DonMoses,娱乐,生活娱乐,499,0,0,0,0
舒克《荒野大镖客2》电影式剧情攻略Part18,969000,2019-1-8,Tory舒克,游戏,主机单机,5221,72,324,50,1568
大型狗粮现场如果有个人愿意陪你一起，你想为他/她做些什么？,970000,2019-1-9,国漫觉醒,娱乐,生活娱乐,584,0,0,0,0
12-12-微星Z390 TOMAHAWK+微星RTX2080 GAMING X TRIO 8G,972000,2019-1-13,黑冰科技,科技,数码,433,0,0,0,0
遇到开心的事情走路都跳着,973000,2019-1-15,丸子果酱,娱乐,萌宠,958,0,0,0,0
【搬运】知否知否,974000,2019-1-16,鹿空溪w,音乐,演奏·乐器,839,0,0,0,0
《主播情报站》第六期-此路不通镖不过 英雄豪迈战九天,976000,2019-1-20,天龙笑天,游戏,手机游戏,10299,0,0,0,0
【人生相谈】萌惠博士的生活小建议,977000,2019-1-22,老鸨一家诚信代投,动画,动画综合,2753,23,117,115,532
巴哈姆特 22 周年站聚 《超级鸡马 Ultimate Chicken Horse》大乱斗决赛,978000,2019-1-23,好猫电娱,游戏,网络游戏,326,0,0,0,0
#投蕉谢谢#一个人的演技到底有多炸裂？盘点张国荣十大经典银幕形象【什么叫演员系列】下集！,981000,2019-1-29,没有心跳的地狱girl,影视,电影杂谈,1589,3,13,15,59
三十年春晚金曲回顾，总有一款是你的歌,984000,2019-2-4,芒果台女汉子,娱乐,生活娱乐,1434,1,0,0,0
[王小明x夏蜜柑]（微剪）成为世界的破坏者只为让你记在脑海中,985000,2019-2-7,我叫初黑,动画,布袋·特摄,2305,1,0,40,0
荣耀发财快报，射手太强啦！所以...我们来加强一下宫本吧！,986000,2019-2-10,Afa358,游戏,手机游戏,1198,0,1,0,5
如何让你的照片看起来很棒 Photoshop魅力效果教程| 35mm效果教程,987000,2019-2-12,DonMoses,娱乐,生活娱乐,162,0,0,0,0
米尔美食之旅之医院急诊室特供炒年糕片炸鸡,990000,2019-2-18,欧尼醬SAMA,娱乐,美食,1115,0,0,0,0
【音乐树洞】番外篇：今天学会了制作片头和片尾，来水个视频~祝大家周末愉快！,993000,2019-2-22,音乐树洞_D,音乐,音乐选集,816,2,2,0,6
我们的“陈海局长”黄俊鹏教你怎样处理婚姻和家庭,998000,2019-3-3,良策传媒工作室,影视,预告·花絮,1051,0,0,5,0
一小时赚500的拥抱师！人格独立，最有魅力！,1001000,2019-3-8,毒角SHOW,娱乐,生活娱乐,42537,51,356,120,1694
上半年最失望的变形金刚！SS-34 L级威震天-刘哥模玩,1003000,2019-3-12,刘哥模玩,科技,人文科普,1327,0,2,0,10
【爱谁谁】小橘猫日常与狗为伴，在家不仅把貂当宠物养，还救助了二十七只流浪猫，简直是猫界小王子！,1004000,2019-3-13,艾whowho,娱乐,萌宠,1037,1,0,5,0
